wt,bl,beetle,mite,male,female,msize,fsize,mmite,fmite,mitenum,logmitenum,broodsize,broodmass,yield,density,clutchsize
17.99,1,G,C,38,39,5.48,4.45,,,,,23,3.9428,0.171426087,1.278488049,15
16.47,1,G,C,40,32,5.61,4.98,,,,,15,3.0265,0.201766667,0.910746812,13
16.11,1,G,C,1,17,4.97,4.57,,,,,16,3.0672,0.1917,0.993171943,11
15.67,1,G,C,9,7,5.62,4.92,,,,,20,3.3907,0.169535,1.276324186,20
15.52,1,G,C,7,34,5.51,4.88,,,,,6,1.1611,0.193516667,0.386597938,10
15.51,1,G,C,8,31,4.86,5.24,,,,,23,3.7344,0.162365217,1.482914249,20
16.66,1,G,C,24,33,5.07,4.85,,,,,23,3.5947,0.156291304,1.380552221,11
16.9,1,G,C,17,24,4.72,5.24,,,,,13,2.2779,0.175223077,0.769230769,25
16.6,1,G,C,28,14,4.87,4.63,,,,,11,2.2268,0.202436364,0.662650602,7
15.23,1,G,C,45,28,4.86,5.25,,,,,28,4.5073,0.160975,1.838476691,18
14.38,1,G,C,42,36,5.45,5.48,,,,,20,3.1165,0.155825,1.390820584,7
20.05,1,G,C,21,23,5.31,4.88,,,,,15,2.9867,0.199113333,0.748129676,15
16.87,1,G,C,39,10,4.48,4.43,,,,,15,2.9433,0.19622,0.889152341,13
16.05,1,G,C,43,38,5.2,4.65,,,,,13,2.1266,0.163584615,0.809968847,9
14.47,1,G,C,32,8,4.99,4.4,,,,,7,1.5791,0.225585714,0.483759502,5
15.01,1,G,C,4,1,,4.44,,,,,17,3.1515,0.185382353,1.132578281,12
16.07,1,G,C,35,4,5.13,4.49,,,,,22,3.5415,0.160977273,1.369010579,16
16.9,1,G,C,34,35,4.87,4.92,,,,,20,3.4074,0.17037,1.183431953,15
16.89,1,G,C,3,21,5.43,4.76,,,,,33,4.2361,0.128366667,1.953818828,14
17.24,1,G,C,12,20,4.23,4.45,,,,,19,2.968,0.156210526,1.102088167,6
14.83,1,G,C,33,9,,4.95,,,,,20,3.5493,0.177465,1.348617667,22
16.83,1,G,C,30,40,4.7,5.03,,,,,15,2.7822,0.18548,0.891265597,12
16.89,1,G,C,27,,5.01,4.91,,,,,21,3.7245,0.177357143,1.243339254,7
16.25,1,G,C,22,,4.88,4.33,,,,,21,3.4052,0.162152381,1.292307692,14
15.26,1,G,C,18,,5.02,4.96,,,,,17,1.967,0.115705882,1.114023591,0
20.89,1,G,C,11,,5.07,4.84,,,,,13,2.8797,0.221515385,0.622307324,15
16.16,1,G,C,14,,4.84,4.77,,,,,10,1.7602,0.17602,0.618811881,10
16.55,1,G,C,16,,5.3,5.08,,,,,22,3.7714,0.171427273,1.329305136,0
16.72,1,G,C,2,,5.01,5.08,,,,,26,3.8096,0.146523077,1.555023923,12
16.52,1,G,C,44,,5.26,4.6,,,,,17,2.9553,0.173841176,1.02905569,16
20.82,1,G,C,23,,4.59,5.61,,,,,18,3.1045,0.172472222,0.864553314,23
16.22,1,G,C,31,,5.07,4.62,,,,,20,3.7445,0.187225,1.233045623,12
16.12,1,W,C,,,5.19,5.4,,,,,28,4.1281,0.147432143,1.736972705,22
16.32,1,W,C,,,5.09,5.02,,,,,25,3.9428,0.157712,1.531862745,39
16.98,1,W,C,,,4.72,4.82,,,,,19,3.1625,0.166447368,1.118963486,19
15.32,1,W,C,,,4.84,5.32,,,,,17,3.2275,0.189852941,1.109660574,17
15.72,1,W,C,,,5.1,5.12,,,,,19,2.764,0.145473684,1.208651399,26
15.08,1,W,C,,,5.24,4.57,,,,,22,3.3745,0.153386364,1.458885942,14
16.78,1,W,C,,,4.58,4.5,,,,,20,3,0.15,1.191895113,8
14.27,1,W,C,,,4.45,4.96,,,,,17,3.1365,0.1845,1.191310441,13
16.24,1,W,C,,,4.61,5.15,,,,,14,2.5148,0.179628571,0.862068966,35
15.49,1,W,C,,,5.26,4.66,,,,,21,3.52,0.167619048,1.355713363,9
16.82,1,W,C,,,5.73,4.77,,,,,26,3.6938,0.142069231,1.545778835,35
16.97,1,W,C,,,4.51,5.16,,,,,10,1.9156,0.19156,0.589275192,28
16.72,1,W,C,,,4.8,5.08,,,,,28,3.8604,0.137871429,1.674641148,22
17.13,1,W,C,,,5.55,5.07,,,,,19,3.6487,0.192036842,1.109165207,16
16,1,W,C,,,4.5,4.79,,,,,27,3.6408,0.134844444,1.6875,8
16.49,1,W,C,,,5.12,4.36,,,,,19,2.4844,0.130757895,1.152213463,22
15.93,1,W,C,,,4.94,5.58,,,,,22,2.8029,0.127404545,1.381042059,26
15.03,1,W,C,,,5.21,4.74,,,,,23,3.4675,0.15076087,1.530272788,32
15.98,1,W,C,,,4.59,5.04,,,,,17,3.3959,0.199758824,1.063829787,22
14.73,1,W,C,,,5.51,4.65,,,,,13,2.8804,0.221569231,0.882552614,15
15.09,1,W,C,,,5.45,5.29,,,,,19,2.6807,0.141089474,1.259111995,7
16.16,1,W,C,,,4.09,4.93,,,,,19,3.2102,0.168957895,1.175742574,12
17.51,1,W,C,,,5.42,5.1,,,,,13,2.3856,0.183507692,0.742432895,6
17.14,1,W,C,,,4.63,4.68,,,,,11,1.814,0.164909091,0.641773629,26
15.05,1,W,C,,,4.54,5.09,,,,,22,2.9971,0.136231818,1.46179402,26
17.41,1,W,C,,,5.09,4.7,,,,,28,4.0615,0.145053571,1.608271109,20
16.88,1,W,C,,,5.1,4.98,,,,,16,3.0885,0.19303125,0.947867299,11
17.49,1,W,C,,,4.71,5.17,,,,,23,3.9801,0.173047826,1.315037164,31
16.44,1,W,C,,,5.34,5.5,,,,,23,3.457,0.150304348,1.399026764,28
16.81,1,W,C,,,5.05,4.07,,,,,8,1.4725,0.1840625,0.475907198,14
15.88,1,W,C,,,5.5,5.04,,,,,28,3.8922,0.139007143,1.763224181,32
16.26,1,G,G,,,5.14,5.09,64,79,143,2.158362492,9,1.9684,0.218711111,0.553505535,14
16.5,1,G,G,,,5.33,4.82,57,52,109,2.041392685,21,2.7652,0.13167619,1.272727273,23
16.03,1,G,G,,,5.04,4.99,45,116,161,2.209515015,11,2.0845,0.1895,0.68621335,11
16.64,1,G,G,,,5.28,5.37,68,42,110,2.045322979,19,2.2692,0.119431579,1.141826923,28
14.87,1,G,G,,,5.27,4.82,260,146,406,2.609594409,1,0.12,0.12,0.067249496,7
15.94,1,G,G,,,5.17,4.99,201,112,313,2.496929648,5,0.6636,0.13272,0.313676286,7
16.81,1,G,G,,,,4.71,58,87,145,2.164352856,18,2.5609,0.142272222,1.070791196,17
15.97,1,G,G,,,4.94,4.33,133,63,196,2.294466226,12,2.387,0.198916667,0.751408892,9
16.85,1,G,G,,,4.6,5.07,26,53,79,1.903089987,25,3.8549,0.154196,1.483679525,24
16.47,1,G,G,,,4.67,5.34,24,51,75,1.880813592,28,3.6687,0.131025,1.700060716,9
16.95,1,G,G,,,5.09,5.46,12,82,94,1.977723605,22,2.9655,0.134795455,1.297935103,30
15.33,1,G,G,,,5.64,4.84,106,81,187,2.274157849,18,2.3051,0.128061111,1.174168297,22
17.83,1,G,G,,,4.44,4.71,41,71,112,2.053078443,25,3.58,0.1432,1.402131239,9
18.56,1,G,G,,,4.55,4.64,94,62,156,2.195899652,8,1.308,0.1635,0.431034483,12
17.63,1,G,G,,,5.22,5.05,59,84,143,2.158362492,15,2.0782,0.138546667,0.850822462,19
18.74,1,G,G,,,4.9,4.41,313,131,444,2.648360011,10,1.8001,0.18001,0.53361793,10
17.58,1,G,G,,,5.12,4.56,60,49,109,2.041392685,18,3.0897,0.17165,1.023890785,13
17.28,1,G,G,,,5.48,5.52,36,45,81,1.913813852,24,3.4513,0.143804167,1.388888889,13
18.01,1,G,G,,,4.87,4.99,39,33,72,1.86332286,28,4.2553,0.151975,1.554691838,17
17.61,1,G,G,,,5.11,4.84,35,45,80,1.908485019,24,3.0799,0.128329167,1.36286201,20
18.65,1,G,G,,,5.11,4.56,47,18,65,1.819543936,25,3.3451,0.133804,1.340482574,19
18.72,1,G,G,,,5.29,5,231,115,346,2.540329475,9,1.4935,0.165944444,0.480769231,23
16.34,1,G,G,,,4.91,5.39,104,106,210,2.324282455,21,2.7976,0.133219048,1.285189718,26
15.81,1,G,G,,,4.84,5.18,54,57,111,2.049218023,20,2.3667,0.118335,1.265022138,12
15.99,1,G,G,,,5.09,4.54,213,,213,2.330413773,13,1.8372,0.141323077,0.81300813,3
16.24,1,G,G,,,4.89,4.86,47,56,103,2.017033339,22,3.4767,0.158031818,1.354679803,19
15.59,1,G,G,,,5.58,5.03,36,57,93,1.973127854,16,1.9811,0.12381875,1.02629891,21
16.62,1,G,G,,,5.56,4.9,59,36,95,1.982271233,5,0.9844,0.19688,0.300842359,12
18.75,1,G,G,,,5.4,4.6,167,196,363,2.561101384,15,2.0145,0.1343,0.8,15
17.62,1,G,G,,,4.96,5.46,122,102,224,2.352182518,2,0.3371,0.16855,0.113507378,13
18.55,1,G,G,,,5.49,5.35,51,79,130,2.117271296,6,1.2328,0.205466667,0.323450135,26
16.95,1,G,G,,,4.95,4.95,63,54,117,2.071882007,17,2.9952,0.176188235,1.002949853,9
16.14,1,W,W,,,5.25,5.42,40,57,97,1.991226076,24,2.758,0.114916667,1.486988848,25
16.54,1,W,W,,,4.98,5.11,96,78,174,2.243038049,28,3.0555,0.109125,1.69286578,13
16.6,1,W,W,,,5,5.08,38,43,81,1.913813852,20,3.1592,0.15796,1.204819277,1
16.45,1,W,W,,,5.01,5.57,69,112,181,2.260071388,18,2.6574,0.147633333,1.094224924,16
17.84,1,W,W,,,5.37,5.07,138,101,239,2.380211242,20,2.4281,0.121405,1.121076233,19
19.74,1,W,W,,,4.32,4.68,81,104,185,2.269512944,16,3.0431,0.19019375,0.810536981,5
17.18,1,W,W,,,4.79,4.98,57,47,104,2.021189299,25,3.6911,0.147644,1.455180442,14
17.43,1,W,W,,,5.16,4.85,55,51,106,2.029383778,16,2.046,0.127875,0.917957544,0
18.67,1,W,W,,,4.92,4.67,61,31,92,1.968482949,22,3.5331,0.160595455,1.178361007,16
17.27,1,W,W,,,5.63,4.78,133,28,161,2.209515015,28,4.5053,0.160903571,1.621308628,16
16.9,1,W,W,,,5.04,4.86,100,44,144,2.161368002,11,2.5413,0.231027273,0.650887574,6
16.86,1,W,W,,,5.32,4.15,28,31,59,1.77815125,27,3.3831,0.1253,1.601423488,2
17.91,1,W,W,,,4.68,4.98,20,27,47,1.681241237,14,2.8673,0.204807143,0.781686209,5
17.11,1,W,W,,,4.69,4.66,103,89,192,2.285557309,2,0.4265,0.21325,0.116890707,2
17.48,1,W,W,,,5.32,5.3,72,24,96,1.986771734,26,4.3828,0.168569231,1.487414188,10
16.57,1,W,W,,,5.38,4.91,70,18,88,1.949390007,22,3.2494,0.1477,1.327700664,30
16.68,1,W,W,,,4.82,3.98,47,4,51,1.716003344,18,2.8012,0.155622222,1.079136691,17
16.38,1,W,W,,,5.06,5.43,10,15,25,1.414973348,20,3.2734,0.16367,1.221001221,0
15.23,1,W,W,,,5.47,4.44,57,56,113,2.056904851,14,1.686,0.120428571,0.919238345,8
15.81,1,W,W,,,4.45,4.24,2,3,5,0.77815125,23,3.0868,0.134208696,1.454775459,7
16.65,1,W,C,,,4.16,4.71,,,,,24,4.0478,0.168658333,1.441441441,8
16.84,1,W,W,,,4.69,5.55,63,31,94,1.977723605,24,2.8498,0.118741667,1.425178147,11
15.72,1,W,W,,,4.78,4.81,89,64,153,2.187520721,8,1.4855,0.1856875,0.508905852,0
17.28,1,W,W,,,5.03,5.15,151,19,170,2.23299611,27,3.6382,0.134748148,1.5625,22
16.97,1,W,W,,,5.14,4.97,255,67,322,2.509202522,5,1.0077,0.20154,0.294637596,18
18.31,1,W,W,,,5.03,4.6,73,65,138,2.1430148,24,3.293,0.137208333,1.310759148,23
17.12,1,W,W,,,5.03,5,46,50,96,1.986771734,21,3.0908,0.147180952,1.226635514,15
17.48,1,W,W,,,5.05,4.83,59,40,99,2,16,2.8159,0.17599375,0.915331808,9
17.61,1,W,W,,,4.75,5.33,16,38,54,1.740362689,23,3.1617,0.137465217,1.306076093,18
17.63,1,W,W,,,5.31,5.06,94,54,148,2.173186268,24,3.4667,0.144445833,1.361315939,27
17.89,1,W,W,,,4.53,5.21,70,70,140,2.149219113,22,4.0208,0.182763636,1.229737283,23
17.86,1,W,W,,,5.48,5.19,61,61,122,2.089905111,12,2.2204,0.185033333,0.671892497,8
16.42,1,G,W,,,4.67,5.29,36,10,46,1.672097858,18,2.9768,0.165377778,1.096224117,15
16.56,1,G,W,,,5.09,4.96,61,27,88,1.949390007,19,3.2756,0.1724,1.147342995,3
16.35,1,G,W,,,5.08,5.01,88,87,175,2.245512668,20,2.7471,0.137355,1.22324159,15
16.69,1,G,W,,,5.43,4.97,95,19,114,2.06069784,24,3.3636,0.14015,1.437986818,7
14.85,1,G,W,,,5.24,5.02,41,47,88,1.949390007,11,2.0356,0.185054545,0.740740741,9
17.46,1,G,W,,,5.23,4.7,96,28,124,2.096910013,17,2.9681,0.174594118,0.973654066,2
19.88,1,G,C,,,5.13,5.22,,,,,27,3.5499,0.131477778,1.358148893,0
18.75,1,G,W,,,4.28,5.3,48,57,105,2.025305865,29,4.4935,0.154948276,1.546666667,26
18.36,1,G,W,,,4.98,4.99,21,37,58,1.770852012,14,3.1201,0.222864286,0.762527233,4
15.13,1,G,W,,,5.61,5.54,52,30,82,1.919078092,23,3.0079,0.130778261,1.520158625,26
16.63,1,G,W,,,5.07,5.15,79,29,108,2.037426498,21,3.1819,0.151519048,1.262778112,7
16.1,1,G,W,,,5.48,4.81,86,73,159,2.204119983,9,1.6809,0.186766667,0.559006211,10
16.64,1,G,W,,,5.41,5.2,58,14,72,1.86332286,26,3.449,0.132653846,1.5625,8
16.71,1,G,W,,,4.86,,34,,34,1.544068044,14,2.7596,0.197114286,0.837821664,16
15.93,1,G,W,,,4.86,4.75,56,35,91,1.963787827,5,1.1508,0.23016,0.313873195,3
14.86,1,G,W,,,4.82,5.16,89,54,143,2.158362492,6,1.2105,0.20175,0.403768506,2
16.76,1,G,W,,,5.23,4.84,75,86,161,2.209515015,4,0.721,0.18025,0.238663484,6
16.03,1,G,W,,,4.4,5.28,39,39,78,1.897627091,11,2.3145,0.210409091,0.68621335,9
16.22,1,G,W,,,5.19,5.24,52,29,81,1.913813852,24,3.4214,0.142558333,1.479654747,22
16.64,1,G,W,,,5.1,4.63,96,62,158,2.201397124,20,4.0577,0.202885,1.201923077,10
15.43,1,G,W,,,5.11,4.77,88,87,175,2.245512668,12,2.2217,0.185141667,0.777705768,5
15.93,1,G,W,,,4.7,4.59,38,21,59,1.77815125,38,4.3111,0.11345,2.385436284,12
15.66,1,G,W,,,4.14,5.72,32,49,81,1.913813852,13,2.1679,0.166761538,0.830140485,3
17.57,1,G,W,,,5.18,4.47,62,40,102,2.012837225,18,2.3325,0.129583333,1.024473534,8
20.56,1,G,W,,,4.33,4.66,87,79,166,2.222716471,28,4.4541,0.159075,1.361867704,11
17.34,1,W,G,,,4.95,5.06,73,25,98,1.995635195,23,3.3928,0.147513043,1.326412918,21
18.34,1,W,G,,,4.69,4.73,17,27,44,1.653212514,19,3.6355,0.191342105,1.035986914,9
18.63,1,W,G,,,4.84,4.94,48,30,78,1.897627091,14,2.8771,0.205507143,0.751476114,12
18.62,1,W,G,,,4.72,5.36,48,39,87,1.944482672,17,3.5167,0.206864706,0.912996778,15
17.34,1,W,G,,,4.87,4.8,55,25,80,1.908485019,17,2.2401,0.131770588,0.980392157,0
18.34,1,W,G,,,5.14,,85,31,116,2.068185862,33,5.2166,0.158078788,1.799345692,16
18.59,1,W,G,,,5.59,5.19,146,48,194,2.290034611,30,4.0537,0.135123333,1.613770845,30
17.09,1,W,G,,,5.03,5.11,89,101,190,2.281033367,30,4.1294,0.137646667,1.755412522,22
19,1,W,G,,,5.5,5.24,110,101,211,2.326335861,21,3.6926,0.175838095,1.105263158,26
19.01,1,W,G,,,5.49,4.95,23,35,58,1.770852012,31,4.1961,0.135358065,1.630720673,25
19.64,1,W,G,,,4.6,4.63,18,14,32,1.51851394,27,4.7382,0.175488889,1.374745418,5
18.98,1,W,G,,,4.5,4.97,73,136,209,2.322219295,20,2.9633,0.148165,1.05374078,29
18.88,1,W,G,,,4.99,5.14,51,35,86,1.939519253,20,3.3312,0.16656,1.059322034,0
17.04,1,W,G,,,5.28,4.84,43,86,129,2.113943352,8,1.4415,0.1801875,0.469483568,0
19.83,1,W,G,,,5.19,4.75,33,22,55,1.748188027,25,3.4521,0.138084,1.260716087,23
20.29,1,W,G,,,4.77,5.56,47,27,74,1.875061263,21,3.658,0.174190476,1.034992607,0
19.48,1,W,G,,,5.06,5.01,17,16,33,1.531478917,31,4.2766,0.137954839,1.59137577,16
18.99,1,W,G,,,5.39,4.69,56,38,94,1.977723605,23,3.5441,0.154091304,1.21116377,9
18.5,1,W,G,,,5.61,4.65,105,90,195,2.292256071,21,3.7031,0.176338095,1.135135135,21
20.15,1,W,G,,,5.19,5.31,125,45,170,2.23299611,21,4.4477,0.211795238,1.042183623,17
17.47,1,W,G,,,4.91,4.72,92,77,169,2.230448921,13,2.655,0.204230769,0.744132799,16
18.99,1,W,G,,,5.01,5.38,23,52,75,1.880813592,31,4.6342,0.149490323,1.632438125,17
17.93,1,W,G,,,4.86,5.37,66,51,117,2.071882007,26,3.7692,0.144969231,1.450083659,16
16.14,1,W,G,,,5.03,5.22,131,79,210,2.324282455,12,2.1538,0.179483333,0.743494424,27
17.29,1,W,G,,,5.21,4.9,84,73,157,2.198657087,15,1.8616,0.124106667,0.867553499,0
16.01,1,W,G,,,4.72,5.14,180,37,217,2.338456494,18,3.0761,0.170894444,1.124297314,13
15.67,1,W,G,,,4.96,5.06,41,63,104,2.021189299,23,3.8286,0.16646087,1.467772814,12
14.68,9,W,W,W28,W25,3.98,4.11,42,21,63,1.806179974,32,3.26,0.101875,2.179836512,6
15.05,9,W,C,W27,W40,,,,,,,38,4.7082,0.1239,2.524916944,
15.13,9,W,G,W08,W15,4.45,4.75,54,88,142,2.155336037,6,1.4743,0.245716667,0.39656312,13
15.19,9,W,C,W09,W49,,,,,,,30,5.0095,0.166983333,1.974983542,26
15.26,9,G,G,G20,G21,5.19,5.1,163,124,287,2.459392488,25,3.0658,0.122632,1.638269987,27
15.27,9,W,W,W12,W21,4.06,4.45,41,12,53,1.73239376,30,4.1917,0.139723333,1.964636542,20
15.29,9,W,G,W09,W24,4.53,4.68,52,27,79,1.903089987,19,3.7865,0.199289474,1.24264225,7
15.3,9,W,G,W17,W21,3.77,4.63,62,40,102,2.012837225,23,3.6426,0.158373913,1.503267974,15
15.46,9,G,G,G03,G09,4.73,5.35,123,93,216,2.336459734,37,4.3685,0.118067568,2.393272962,33
15.47,9,G,C,G35,G22,,,,,,,37,4.5546,0.123097297,2.391725921,
15.48,9,G,G,G03,G06,4.59,4.76,29,71,100,2.004321374,21,4.5078,0.214657143,1.356589147,9
15.51,9,W,W,W31,W10,4.84,4.25,70,22,92,1.968482949,29,4.0667,0.140231034,1.869761444,9
15.56,9,W,W,W10,W31,4.56,4.57,3,16,19,1.301029996,24,3.9572,0.164883333,1.542416452,9
15.63,9,W,C,W01,W55,,,,,,,35,4.6239,0.132111429,2.239283429,
15.66,9,W,C,W06,W52,,,,,,,10,1.9757,0.19757,0.638569604,
15.68,9,W,C,W19,W51,,,,,,,27,3.7794,0.139977778,1.721938776,
15.69,9,G,C,G23,G24,,,,,,,33,4.7342,0.143460606,2.103250478,
15.72,9,W,W,W10,W14,4.65,4.9,16,16,32,1.51851394,31,4.5977,0.148312903,1.972010178,32
15.76,9,G,C,G14,G20,,,,,,,47,5.7905,0.123202128,2.982233503,34
15.77,9,G,C,G26,G05,,,,,,,33,4.4374,0.134466667,2.09258085,
15.78,9,G,W,G10,G23,5.02,4.52,92,54,146,2.167317335,16,3.3148,0.207175,1.013941698,17
15.85,9,W,W,W24,W19,4.42,5.01,3,15,18,1.278753601,33,4.7175,0.142954545,2.082018927,16
15.89,9,G,W,G08,G21,4.9,4.52,59,90,149,2.176091259,35,5.7396,0.163988571,2.202643172,3
15.91,9,G,C,G21,G06,,,,,,,16,3.5299,0.22061875,1.00565682,
16.02,9,W,C,W23,W54,,,,,,,36,5.163,0.143416667,2.247191011,
16.03,9,G,W,G08,G20,5.1,5.14,198,81,279,2.447158031,21,3.9454,0.18787619,1.310043668,17
16.17,9,G,C,G13,G10,,,,,,,30,3.7637,0.125456667,1.85528757,
16.19,9,W,C,W20,W42,,,,,,,18,3.4033,0.189072222,1.111797406,
16.34,9,G,C,G21,G14,,,,,,,40,4.8619,0.1215475,2.447980416,30
16.36,9,G,C,G15,G09,,,,,,,16,3.5263,0.22039375,0.97799511,30
16.41,9,G,G,G02,G10,4.76,5.04,113,149,262,2.419955748,19,3.3679,0.177257895,1.157830591,3
16.41,9,G,W,G18,G11,3.77,4.58,50,62,112,2.053078443,34,5.1572,0.151682353,2.071907374,24
16.44,9,W,W,W10,W24,4.83,4.45,112,27,139,2.146128036,32,4.8862,0.15269375,1.946472019,26
16.58,9,W,C,W07,W34,,,,,,,32,4.6906,0.14658125,1.930036188,28
16.63,9,W,C,W13,W56,,,,,,,32,4.7059,0.147059375,1.924233313,
16.69,9,W,C,W18,W38,,,,,,,21,3.9724,0.189161905,1.258238466,21
16.73,9,G,C,G07,G04,,,,,,,34,5.3336,0.156870588,2.032277346,
16.85,9,W,C,W28,W53,,,,,,,33,4.3207,0.130930303,1.958456973,
17.14,9,G,C,G07,G03,,,,,,,34,4.4045,0.129544118,1.983663944,
17.23,9,W,G,W03,W31,4.62,4.76,102,27,129,2.113943352,23,4.2577,0.185117391,1.334881021,31
17.23,9,W,C,W05,W39,,,,,,,29,4.4904,0.154841379,1.683110853,
17.47,9,G,G,G08,G10,4.87,4.83,100,22,122,2.089905111,37,4.8311,0.13057027,2.117916428,20
17.47,9,G,C,G20,G15,,,,,,,28,4.2406,0.15145,1.602747567,
17.52,9,G,W,G10,G11,4.47,4.32,94,92,186,2.271841607,39,4.7515,0.121833333,2.226027397,25
17.57,9,G,C,G10,G26,,,,,,,40,5.6404,0.14101,2.276607854,
17.68,9,W,C,W20,W37,,,,,,,43,5.1925,0.120755814,2.432126697,
17.73,9,G,C,G14,G07,,,,,,,32,4.4805,0.140015625,1.804850536,17
17.8,9,G,W,G25,G21,4.81,4.78,49,114,163,2.214843848,30,4.989,0.1663,1.685393258,13
17.88,9,W,C,W04,W29,,,,,,,46,5.4811,0.119154348,2.572706935,
17.9,9,W,C,W26,W33,,,,,,,31,4.5647,0.147248387,1.731843575,
17.96,9,G,G,G09,G05,5.14,4.21,132,86,218,2.340444115,37,5.1401,0.138921622,2.06013363,27
19.2,9,G,C,G04,G08,,,,,,,44,5.8401,0.132729545,2.291666667,52
19.77,10,W,W,W24,W21,5.29,4.95,100,191,291,2.465382851,9,1.8445,0.204944444,0.455235205,4
17.28,10,W,W,W9,W4,5.02,5.36,6,160,166,2.222716471,10,2.0605,0.20605,0.578703704,9
16.5,10,W,W,W4,W1,4.86,5.3,84,28,112,2.053078443,12,2.1641,0.180341667,0.727272727,0
20.75,10,W,C,W20,W2,,,,,,,20,4.4289,0.221445,0.963855422,31
15.9,10,W,W,W20,W16,5,4.59,86,263,349,2.544068044,16,2.9511,0.18444375,1.006289308,12
15.7,9,G,G,G17,G03,4.74,4.68,4,2,6,0.84509804,17,3.1457,0.185041176,1.082802548,15
19.86,10,W,W,W23,W10,5.52,5.37,145,144,289,2.462397998,17,2.404,0.141411765,0.855991944,28
19.69,10,G,W,G22,G9,4.95,5.67,111,140,251,2.401400541,18,3.7385,0.207694444,0.914169629,22
20.52,10,G,W,G29,G10,4.85,5.54,93,287,380,2.580924976,20,4.2445,0.212225,0.974658869,12
20.61,10,W,W,W20,W12,5.33,4.47,158,83,241,2.383815366,22,4.4865,0.203931818,1.067442989,24
20.4,10,G,G,G30,G1,5.5,5.78,111,107,218,2.340444115,25,4.4561,0.178244,1.225490196,28
16.19,10,W,C,W16,W27,,,,,,,13,2.7711,0.213161538,0.802964793,14
16.24,10,W,C,W1,W16,,,,,,,27,4.6947,0.173877778,1.662561576,18
16.52,10,W,C,W23,W1,,,,,,,17,2.7561,0.162123529,1.02905569,6
17.36,10,W,C,W8,W23,,,,,,,24,4.1492,0.172883333,1.382488479,16
16.11,9,W,W,W20,W31,5,4.74,1,8,9,1,30,4.4691,0.14897,1.862197393,2
19.54,10,G,G,G15,G22,6.07,5.18,187,89,276,2.442479769,31,4.6382,0.149619355,1.586489253,28
15.06,9,W,W,W10,W11,4.18,5.34,0,4,4,0.698970004,33,3.9413,0.119433333,2.19123506,25
15.84,10,G,C,G7,G24,,,,,,,28,4.0348,0.1441,1.767676768,24
16.48,10,G,C,G2,G28,,,,,,,31,4.4776,0.14443871,1.881067961,29
15.13,9,W,W,W21,W11,4.73,5.16,0,2,2,0.477121255,39,4.1295,0.105884615,2.577660278,29
17.6,10,G,C,G28,G14,,,,,,,3,0.6931,0.231033333,0.170454545,9
14.04,9,G,W,G20,G10,5.126666667,5.27,212,76,288,2.460897843,14,3.4802,0.248586,0.997151,21
19.11,10,G,W,G1,G16,4.76,4.59,148,83,231,2.365487985,15,2.9587,0.197247,0.784929,27
20.25,10,G,W,G7,G11,4.016666667,4.803333333,177,165,342,2.53529412,15,2.5304,0.168693,0.740741,20
15.73,1,C,G,,,,,21,12,33,1.531478917,,,,,
16.41,1,C,G,,,,,41,7,48,1.69019608,,,,,
17.4,1,C,G,,,,,83,52,135,2.133538908,,,,,
15.3,1,C,G,,,,,3,11,14,1.176091259,,,,,
17.5,1,C,G,,,,,32,29,61,1.792391689,,,,,
16.64,1,C,G,,,,,10,2,12,1.113943352,,,,,
15.42,1,C,G,,,,,63,15,78,1.897627091,,,,,
17.65,1,C,G,,,,,41,9,50,1.707570176,,,,,
14.99,1,C,G,,,,,4,1,5,0.77815125,,,,,
15.09,1,C,G,,,,,14,1,15,1.204119983,,,,,
15.01,1,C,G,,,,,27,33,60,1.785329835,,,,,
15.84,1,C,G,,,,,34,34,68,1.838849091,,,,,
17.7,1,C,G,,,,,6,31,37,1.579783597,,,,,
15.37,1,C,G,,,,,47,24,71,1.857332496,,,,,
17.8,1,C,G,,,,,37,50,87,1.944482672,,,,,
15.7,1,C,G,,,,,85,76,161,2.209515015,,,,,
17.68,1,C,G,,,,,51,17,68,1.838849091,,,,,
14.95,1,C,G,,,,,5,3,8,0.954242509,,,,,
17.31,1,C,G,,,,,20,3,23,1.380211242,,,,,
15.17,1,C,G,,,,,11,22,33,1.531478917,,,,,
16.77,1,C,G,,,,,3,0,3,0.602059991,,,,,
16.83,1,C,G,,,,,4,2,6,0.84509804,,,,,
16.09,1,C,G,,,,,31,3,34,1.544068044,,,,,
14.83,1,C,G,,,,,9,18,27,1.447158031,,,,,
20.78,1,C,G,,,,,2,2,4,0.698970004,,,,,
14.14,1,C,G,,,,,3,7,10,1.041392685,,,,,
14.61,1,C,G,,,,,3,12,15,1.204119983,,,,,
14.42,1,C,G,,,,,4,9,13,1.146128036,,,,,
14.58,1,C,G,,,,,0,2,2,0.477121255,,,,,
18.7,1,C,W,,,,,15,2,17,1.255272505,,,,,
20.35,1,C,W,,,,,17,65,82,1.919078092,,,,,
18.43,1,C,W,,,,,6,17,23,1.380211242,,,,,
18.95,1,C,W,,,,,9,29,38,1.591064607,,,,,
14.4,1,C,W,,,,,15,90,105,2.025305865,,,,,
14.09,1,C,W,,,,,7,22,29,1.477121255,,,,,
14.15,1,C,W,,,,,24,26,50,1.707570176,,,,,
20.33,1,C,W,,,,,5,4,9,1,,,,,
18.18,1,C,W,,,,,21,13,34,1.544068044,,,,,
20.53,1,C,W,,,,,19,1,20,1.322219295,,,,,
14.44,1,C,W,,,,,74,9,83,1.924279286,,,,,
18.85,1,C,W,,,,,119,33,152,2.184691431,,,,,
15.93,1,C,W,,,,,72,35,107,2.033423755,,,,,
14.33,1,C,W,,,,,114,51,165,2.220108088,,,,,
20.14,1,C,W,,,,,85,39,124,2.096910013,,,,,
17.34,1,C,W,,,,,60,29,89,1.954242509,,,,,
20.12,1,C,W,,,,,87,28,115,2.064457989,,,,,
18.71,1,C,W,,,,,16,23,39,1.602059991,,,,,
15.36,1,C,W,,,,,8,10,18,1.278753601,,,,,
20.52,1,C,W,,,,,118,9,127,2.10720997,,,,,
17.25,1,C,W,,,,,9,10,19,1.301029996,,,,,
16.22,1,C,W,,,,,112,0,112,2.053078443,,,,,
16.6,1,C,W,,,,,2,25,27,1.447158031,,,,,
14.18,1,C,W,,,,,95,59,154,2.190331698,,,,,
14.49,1,C,W,,,,,119,93,212,2.328379603,,,,,
20.88,1,C,W,,,,,45,43,88,1.949390007,,,,,
16.51,1,C,W,,,,,86,135,221,2.346352974,,,,,
14.07,1,C,W,,,,,52,30,82,1.919078092,,,,,
18.72,1,C,W,,,,,27,90,117,2.071882007,,,,,
16.54,1,C,W,,,,,25,64,89,1.954242509,,,,,
16.12,3,G,C,G18,G24,4.79,5.24,,,,,1,0.22,0.22,0.062035,5
15.2,3,G,C,G8,G23,5.29,4.05,,,,,31,4.2392,0.136748,2.039474,19
14.16,3,G,G,G8,G10,5.05,5.34,306,70,376,,13,2.8569,0.219762,0.918079,13
14.55,3,G,G,G16,G8,4.5,4.97,190,89,279,,22,3.8495,0.174977,1.512027,36
14.04,3,G,W,G20,G10,5.126666667,5.27,212,76,288,,14,3.4802,0.248586,0.997151,21
14.22,3,G,W,G3,G13,4.523333333,4.92,105,78,183,,29,3.4829,0.1201,2.039381,34
14.64,3,W,C,W17,W13,4.153333333,,,,,,33,4.1673,0.126282,2.254098,17
14.87,3,W,C,W14,W8,,4.27,,,,,35,4.4391,0.126831,2.353732,12
14,3,W,G,W15,W21,5.28,5.07,162,41,203,,17,2.8915,0.170088,1.214286,34
14.16,3,W,G,W16,W2,4.48,4.69,146,171,317,,23,3.4896,0.151722,1.624294,26
14.17,3,W,G,W12,W5,3.98,4.71,0,121,121,,40,4.198,0.10495,2.822865,35
14.8,3,W,G,W22,W14,4.14,5.103333333,0,125,125,,27,3.8943,0.144233,1.824324,21
14.89,3,W,G,W21,W7,5.236666667,4.58,37,48,85,,11,2.1264,0.193309,0.738751,33
14.16,3,W,W,W25,W5,4.98,4.563333333,241,139,380,,16,2.7872,0.1742,1.129944,20
14.21,3,W,W,W5,W14,4.346666667,4.96,117,100,217,,31,3.9387,0.127055,2.181562,26
14.39,3,W,W,W9,W15,4.76,4.44,161,133,294,,19,2.9103,0.153174,1.320361,23
20.98,3,W,W,W14,W15,5.24,5.346666667,97,130,227,,15,3.2597,0.217313,0.714967,36